character,left_categ,centleft_categ,centright_categ,right_categ,type,corr_ans,condition,corr_ans_num,img
stimuli/m_black.jpg,stimuli/Electronic device & accessory.png,stimuli/Hand labour tool & accessory.png,stimuli/Kitchen & utensil.png,stimuli/Outdoor activity & sport item.png,0,Electronic device & accessory,0,1,stimuli/objects/scanner.jpg
stimuli/m_black.jpg,stimuli/Hand labour tool & accessory.png,stimuli/Kitchen & utensil.png,stimuli/Electronic device & accessory.png,stimuli/Outdoor activity & sport item.png,1,Outdoor activity & sport item,0,4,stimuli/objects/sportbag.jpg
stimuli/m_orange.jpg,stimuli/Outdoor activity & sport item.png,stimuli/Kitchen & utensil.png,stimuli/Hand labour tool & accessory.png,stimuli/Electronic device & accessory.png,0,Outdoor activity & sport item,1,1,stimuli/objects/backpack01a.jpg
stimuli/m_black.jpg,stimuli/Kitchen & utensil.png,stimuli/Outdoor activity & sport item.png,stimuli/Electronic device & accessory.png,stimuli/Hand labour tool & accessory.png,1,Outdoor activity & sport item,0,2,stimuli/objects/golfball.jpg
stimuli/m_orange.jpg,stimuli/Hand labour tool & accessory.png,stimuli/Electronic device & accessory.png,stimuli/Outdoor activity & sport item.png,stimuli/Kitchen & utensil.png,1,Hand labour tool & accessory,1,1,stimuli/objects/lock03a.jpg
stimuli/m_orange.jpg,stimuli/Kitchen & utensil.png,stimuli/Hand labour tool & accessory.png,stimuli/Outdoor activity & sport item.png,stimuli/Electronic device & accessory.png,1,Hand labour tool & accessory,1,2,stimuli/objects/puttyknife.jpg
stimuli/m_orange.jpg,stimuli/Outdoor activity & sport item.png,stimuli/Hand labour tool & accessory.png,stimuli/Kitchen & utensil.png,stimuli/Electronic device & accessory.png,1,Hand labour tool & accessory,1,2,stimuli/objects/jumpingjack.jpg
stimuli/m_black.jpg,stimuli/Hand labour tool & accessory.png,stimuli/Electronic device & accessory.png,stimuli/Outdoor activity & sport item.png,stimuli/Kitchen & utensil.png,0,Hand labour tool & accessory,0,1,stimuli/objects/tape02a.jpg
stimuli/m_orange.jpg,stimuli/Electronic device & accessory.png,stimuli/Kitchen & utensil.png,stimuli/Hand labour tool & accessory.png,stimuli/Outdoor activity & sport item.png,1,Hand labour tool & accessory,1,3,stimuli/objects/mallet01b.jpg
stimuli/m_black.jpg,stimuli/Electronic device & accessory.png,stimuli/Kitchen & utensil.png,stimuli/Hand labour tool & accessory.png,stimuli/Outdoor activity & sport item.png,1,Outdoor activity & sport item,0,4,stimuli/objects/swimgoggles.jpg
stimuli/m_black.jpg,stimuli/Outdoor activity & sport item.png,stimuli/Kitchen & utensil.png,stimuli/Hand labour tool & accessory.png,stimuli/Electronic device & accessory.png,1,Outdoor activity & sport item,0,1,stimuli/objects/snowshoe.jpg
stimuli/m_orange.jpg,stimuli/Electronic device & accessory.png,stimuli/Hand labour tool & accessory.png,stimuli/Kitchen & utensil.png,stimuli/Outdoor activity & sport item.png,0,Electronic device & accessory,1,1,stimuli/objects/avcable.jpg
stimuli/m_black.jpg,stimuli/Kitchen & utensil.png,stimuli/Electronic device & accessory.png,stimuli/Hand labour tool & accessory.png,stimuli/Outdoor activity & sport item.png,1,Outdoor activity & sport item,0,4,stimuli/objects/lifesaver.jpg
stimuli/m_black.jpg,stimuli/Electronic device & accessory.png,stimuli/Outdoor activity & sport item.png,stimuli/Hand labour tool & accessory.png,stimuli/Kitchen & utensil.png,1,Outdoor activity & sport item,0,2,stimuli/objects/skigoggles01.jpg
stimuli/m_orange.jpg,stimuli/Hand labour tool & accessory.png,stimuli/Outdoor activity & sport item.png,stimuli/Electronic device & accessory.png,stimuli/Kitchen & utensil.png,1,Hand labour tool & accessory,1,1,stimuli/objects/bungeecord02.jpg
stimuli/m_black.jpg,stimuli/Outdoor activity & sport item.png,stimuli/Electronic device & accessory.png,stimuli/Hand labour tool & accessory.png,stimuli/Kitchen & utensil.png,1,Outdoor activity & sport item,0,1,stimuli/objects/bikelock.jpg
stimuli/m_black.jpg,stimuli/Outdoor activity & sport item.png,stimuli/Kitchen & utensil.png,stimuli/Electronic device & accessory.png,stimuli/Hand labour tool & accessory.png,1,Outdoor activity & sport item,0,1,stimuli/objects/hockeygoalieglove.jpg
stimuli/m_orange.jpg,stimuli/Outdoor activity & sport item.png,stimuli/Electronic device & accessory.png,stimuli/Hand labour tool & accessory.png,stimuli/Kitchen & utensil.png,1,Hand labour tool & accessory,1,3,stimuli/objects/flashlight02b.jpg
stimuli/m_black.jpg,stimuli/Hand labour tool & accessory.png,stimuli/Electronic device & accessory.png,stimuli/Kitchen & utensil.png,stimuli/Outdoor activity & sport item.png,0,Hand labour tool & accessory,0,1,stimuli/objects/bucket02.jpg
stimuli/m_black.jpg,stimuli/Kitchen & utensil.png,stimuli/Hand labour tool & accessory.png,stimuli/Outdoor activity & sport item.png,stimuli/Electronic device & accessory.png,1,Outdoor activity & sport item,0,3,stimuli/objects/beachumbrella01.jpg
stimuli/m_orange.jpg,stimuli/Outdoor activity & sport item.png,stimuli/Kitchen & utensil.png,stimuli/Hand labour tool & accessory.png,stimuli/Electronic device & accessory.png,1,Hand labour tool & accessory,1,3,stimuli/objects/pickaxe02.jpg
stimuli/m_orange.jpg,stimuli/Electronic device & accessory.png,stimuli/Kitchen & utensil.png,stimuli/Hand labour tool & accessory.png,stimuli/Outdoor activity & sport item.png,1,Hand labour tool & accessory,1,3,stimuli/objects/file.jpg
stimuli/m_orange.jpg,stimuli/Electronic device & accessory.png,stimuli/Outdoor activity & sport item.png,stimuli/Kitchen & utensil.png,stimuli/Hand labour tool & accessory.png,1,Hand labour tool & accessory,1,4,stimuli/objects/solderingwire.jpg
stimuli/m_black.jpg,stimuli/Outdoor activity & sport item.png,stimuli/Hand labour tool & accessory.png,stimuli/Kitchen & utensil.png,stimuli/Electronic device & accessory.png,0,Kitchen & utensil,0,3,stimuli/objects/teapot.jpg
stimuli/m_orange.jpg,stimuli/Kitchen & utensil.png,stimuli/Hand labour tool & accessory.png,stimuli/Outdoor activity & sport item.png,stimuli/Electronic device & accessory.png,1,Hand labour tool & accessory,1,2,stimuli/objects/gardenshears01a.jpg
stimuli/m_black.jpg,stimuli/Kitchen & utensil.png,stimuli/Hand labour tool & accessory.png,stimuli/Electronic device & accessory.png,stimuli/Outdoor activity & sport item.png,0,Hand labour tool & accessory,0,2,stimuli/objects/hoe.jpg
stimuli/m_orange.jpg,stimuli/Hand labour tool & accessory.png,stimuli/Outdoor activity & sport item.png,stimuli/Electronic device & accessory.png,stimuli/Kitchen & utensil.png,1,Hand labour tool & accessory,1,1,stimuli/objects/pipewrench.jpg
stimuli/m_orange.jpg,stimuli/Kitchen & utensil.png,stimuli/Electronic device & accessory.png,stimuli/Hand labour tool & accessory.png,stimuli/Outdoor activity & sport item.png,1,Hand labour tool & accessory,1,3,stimuli/objects/metalscissors.jpg
stimuli/m_black.jpg,stimuli/Kitchen & utensil.png,stimuli/Hand labour tool & accessory.png,stimuli/Outdoor activity & sport item.png,stimuli/Electronic device & accessory.png,1,Outdoor activity & sport item,0,3,stimuli/objects/magneticcompass.jpg
stimuli/m_black.jpg,stimuli/Electronic device & accessory.png,stimuli/Outdoor activity & sport item.png,stimuli/Hand labour tool & accessory.png,stimuli/Kitchen & utensil.png,1,Outdoor activity & sport item,0,2,stimuli/objects/weight01.jpg
stimuli/m_black.jpg,stimuli/Kitchen & utensil.png,stimuli/Hand labour tool & accessory.png,stimuli/Electronic device & accessory.png,stimuli/Outdoor activity & sport item.png,0,Electronic device & accessory,0,3,stimuli/objects/chandelier.jpg
stimuli/m_orange.jpg,stimuli/Kitchen & utensil.png,stimuli/Outdoor activity & sport item.png,stimuli/Hand labour tool & accessory.png,stimuli/Electronic device & accessory.png,1,Hand labour tool & accessory,1,3,stimuli/objects/painttray.jpg
stimuli/m_black.jpg,stimuli/Hand labour tool & accessory.png,stimuli/Electronic device & accessory.png,stimuli/Kitchen & utensil.png,stimuli/Outdoor activity & sport item.png,0,Kitchen & utensil,0,3,stimuli/objects/fonduefork01.jpg
stimuli/m_orange.jpg,stimuli/Electronic device & accessory.png,stimuli/Kitchen & utensil.png,stimuli/Outdoor activity & sport item.png,stimuli/Hand labour tool & accessory.png,1,Hand labour tool & accessory,1,4,stimuli/objects/cheeseknife01.jpg
stimuli/m_orange.jpg,stimuli/Outdoor activity & sport item.png,stimuli/Hand labour tool & accessory.png,stimuli/Electronic device & accessory.png,stimuli/Kitchen & utensil.png,1,Hand labour tool & accessory,1,2,stimuli/objects/gavel.jpg
stimuli/m_black.jpg,stimuli/Electronic device & accessory.png,stimuli/Kitchen & utensil.png,stimuli/Outdoor activity & sport item.png,stimuli/Hand labour tool & accessory.png,1,Outdoor activity & sport item,0,3,stimuli/objects/birdie.jpg
stimuli/m_black.jpg,stimuli/Kitchen & utensil.png,stimuli/Electronic device & accessory.png,stimuli/Outdoor activity & sport item.png,stimuli/Hand labour tool & accessory.png,1,Outdoor activity & sport item,0,3,stimuli/objects/footballhelmet.jpg
stimuli/m_black.jpg,stimuli/Outdoor activity & sport item.png,stimuli/Hand labour tool & accessory.png,stimuli/Electronic device & accessory.png,stimuli/Kitchen & utensil.png,0,Kitchen & utensil,0,4,stimuli/objects/tray.jpg
stimuli/m_black.jpg,stimuli/Electronic device & accessory.png,stimuli/Kitchen & utensil.png,stimuli/Hand labour tool & accessory.png,stimuli/Outdoor activity & sport item.png,1,Outdoor activity & sport item,0,4,stimuli/objects/charcoalbarbecue.jpg
stimuli/m_orange.jpg,stimuli/Kitchen & utensil.png,stimuli/Electronic device & accessory.png,stimuli/Outdoor activity & sport item.png,stimuli/Hand labour tool & accessory.png,1,Hand labour tool & accessory,1,4,stimuli/objects/jumpercables.jpg
stimuli/m_orange.jpg,stimuli/Kitchen & utensil.png,stimuli/Hand labour tool & accessory.png,stimuli/Outdoor activity & sport item.png,stimuli/Electronic device & accessory.png,1,Hand labour tool & accessory,1,2,stimuli/objects/sledgehammer.jpg
stimuli/m_black.jpg,stimuli/Electronic device & accessory.png,stimuli/Hand labour tool & accessory.png,stimuli/Kitchen & utensil.png,stimuli/Outdoor activity & sport item.png,0,Electronic device & accessory,0,1,stimuli/objects/cellphone.jpg
stimuli/m_orange.jpg,stimuli/Electronic device & accessory.png,stimuli/Outdoor activity & sport item.png,stimuli/Hand labour tool & accessory.png,stimuli/Kitchen & utensil.png,1,Hand labour tool & accessory,1,3,stimuli/objects/squeegee01b.jpg
stimuli/m_orange.jpg,stimuli/Outdoor activity & sport item.png,stimuli/Electronic device & accessory.png,stimuli/Kitchen & utensil.png,stimuli/Hand labour tool & accessory.png,1,Hand labour tool & accessory,1,4,stimuli/objects/loppingshears.jpg
stimuli/m_black.jpg,stimuli/Outdoor activity & sport item.png,stimuli/Electronic device & accessory.png,stimuli/Hand labour tool & accessory.png,stimuli/Kitchen & utensil.png,1,Outdoor activity & sport item,0,1,stimuli/objects/handgripper.jpg
stimuli/m_orange.jpg,stimuli/Kitchen & utensil.png,stimuli/Outdoor activity & sport item.png,stimuli/Electronic device & accessory.png,stimuli/Hand labour tool & accessory.png,0,Kitchen & utensil,1,1,stimuli/objects/oven.jpg
stimuli/m_black.jpg,stimuli/Hand labour tool & accessory.png,stimuli/Outdoor activity & sport item.png,stimuli/Electronic device & accessory.png,stimuli/Kitchen & utensil.png,1,Outdoor activity & sport item,0,2,stimuli/objects/bikepump01.jpg
stimuli/m_orange.jpg,stimuli/Outdoor activity & sport item.png,stimuli/Electronic device & accessory.png,stimuli/Kitchen & utensil.png,stimuli/Hand labour tool & accessory.png,1,Hand labour tool & accessory,1,4,stimuli/objects/bowrake.jpg
stimuli/m_orange.jpg,stimuli/Outdoor activity & sport item.png,stimuli/Kitchen & utensil.png,stimuli/Hand labour tool & accessory.png,stimuli/Electronic device & accessory.png,1,Hand labour tool & accessory,1,3,stimuli/objects/leafblower01.jpg
stimuli/m_black.jpg,stimuli/Hand labour tool & accessory.png,stimuli/Outdoor activity & sport item.png,stimuli/Kitchen & utensil.png,stimuli/Electronic device & accessory.png,1,Outdoor activity & sport item,0,2,stimuli/objects/cooler01.jpg
stimuli/m_orange.jpg,stimuli/Hand labour tool & accessory.png,stimuli/Kitchen & utensil.png,stimuli/Outdoor activity & sport item.png,stimuli/Electronic device & accessory.png,1,Hand labour tool & accessory,1,1,stimuli/objects/pylon01.jpg
stimuli/m_black.jpg,stimuli/Hand labour tool & accessory.png,stimuli/Outdoor activity & sport item.png,stimuli/Kitchen & utensil.png,stimuli/Electronic device & accessory.png,0,Electronic device & accessory,0,4,stimuli/objects/videocamera01a.jpg
stimuli/m_orange.jpg,stimuli/Hand labour tool & accessory.png,stimuli/Electronic device & accessory.png,stimuli/Outdoor activity & sport item.png,stimuli/Kitchen & utensil.png,0,Kitchen & utensil,1,4,stimuli/objects/grater01a.jpg
stimuli/m_orange.jpg,stimuli/Hand labour tool & accessory.png,stimuli/Outdoor activity & sport item.png,stimuli/Electronic device & accessory.png,stimuli/Kitchen & utensil.png,1,Hand labour tool & accessory,1,1,stimuli/objects/nailgun.jpg
stimuli/m_black.jpg,stimuli/Outdoor activity & sport item.png,stimuli/Kitchen & utensil.png,stimuli/Hand labour tool & accessory.png,stimuli/Electronic device & accessory.png,0,Kitchen & utensil,0,2,stimuli/objects/blender.jpg
stimuli/m_orange.jpg,stimuli/Electronic device & accessory.png,stimuli/Hand labour tool & accessory.png,stimuli/Kitchen & utensil.png,stimuli/Outdoor activity & sport item.png,0,Electronic device & accessory,1,1,stimuli/objects/carlighter02.jpg
stimuli/m_black.jpg,stimuli/Electronic device & accessory.png,stimuli/Kitchen & utensil.png,stimuli/Hand labour tool & accessory.png,stimuli/Outdoor activity & sport item.png,1,Outdoor activity & sport item,0,4,stimuli/objects/tennisracket.jpg
stimuli/m_orange.jpg,stimuli/Electronic device & accessory.png,stimuli/Outdoor activity & sport item.png,stimuli/Hand labour tool & accessory.png,stimuli/Kitchen & utensil.png,1,Hand labour tool & accessory,1,3,stimuli/objects/carjack.jpg
stimuli/m_black.jpg,stimuli/Hand labour tool & accessory.png,stimuli/Electronic device & accessory.png,stimuli/Outdoor activity & sport item.png,stimuli/Kitchen & utensil.png,0,Hand labour tool & accessory,0,1,stimuli/objects/shopvac.jpg
stimuli/m_black.jpg,stimuli/Kitchen & utensil.png,stimuli/Electronic device & accessory.png,stimuli/Hand labour tool & accessory.png,stimuli/Outdoor activity & sport item.png,1,Outdoor activity & sport item,0,4,stimuli/objects/exercisebench.jpg
stimuli/m_black.jpg,stimuli/Outdoor activity & sport item.png,stimuli/Hand labour tool & accessory.png,stimuli/Electronic device & accessory.png,stimuli/Kitchen & utensil.png,1,Outdoor activity & sport item,0,1,stimuli/objects/punchingball.jpg
stimuli/m_orange.jpg,stimuli/Electronic device & accessory.png,stimuli/Hand labour tool & accessory.png,stimuli/Kitchen & utensil.png,stimuli/Outdoor activity & sport item.png,1,Hand labour tool & accessory,1,2,stimuli/objects/solderingiron.jpg
stimuli/m_black.jpg,stimuli/Outdoor activity & sport item.png,stimuli/Electronic device & accessory.png,stimuli/Hand labour tool & accessory.png,stimuli/Kitchen & utensil.png,0,Hand labour tool & accessory,0,3,stimuli/objects/wheel01.jpg
stimuli/m_orange.jpg,stimuli/Hand labour tool & accessory.png,stimuli/Kitchen & utensil.png,stimuli/Electronic device & accessory.png,stimuli/Outdoor activity & sport item.png,0,Electronic device & accessory,1,3,stimuli/objects/monitor.jpg
stimuli/m_orange.jpg,stimuli/Kitchen & utensil.png,stimuli/Electronic device & accessory.png,stimuli/Hand labour tool & accessory.png,stimuli/Outdoor activity & sport item.png,1,Hand labour tool & accessory,1,3,stimuli/objects/gastank.jpg
stimuli/m_orange.jpg,stimuli/Kitchen & utensil.png,stimuli/Outdoor activity & sport item.png,stimuli/Electronic device & accessory.png,stimuli/Hand labour tool & accessory.png,1,Hand labour tool & accessory,1,4,stimuli/objects/staplegun.jpg
stimuli/m_black.jpg,stimuli/Kitchen & utensil.png,stimuli/Outdoor activity & sport item.png,stimuli/Electronic device & accessory.png,stimuli/Hand labour tool & accessory.png,0,Hand labour tool & accessory,0,4,stimuli/objects/gluetube.jpg
stimuli/m_black.jpg,stimuli/Kitchen & utensil.png,stimuli/Outdoor activity & sport item.png,stimuli/Hand labour tool & accessory.png,stimuli/Electronic device & accessory.png,1,Outdoor activity & sport item,0,2,stimuli/objects/basketballhoop01.jpg
stimuli/m_black.jpg,stimuli/Electronic device & accessory.png,stimuli/Hand labour tool & accessory.png,stimuli/Outdoor activity & sport item.png,stimuli/Kitchen & utensil.png,1,Outdoor activity & sport item,0,3,stimuli/objects/umbrella04.jpg
stimuli/m_black.jpg,stimuli/Outdoor activity & sport item.png,stimuli/Electronic device & accessory.png,stimuli/Kitchen & utensil.png,stimuli/Hand labour tool & accessory.png,1,Outdoor activity & sport item,0,1,stimuli/objects/reflector.jpg
stimuli/m_orange.jpg,stimuli/Outdoor activity & sport item.png,stimuli/Hand labour tool & accessory.png,stimuli/Kitchen & utensil.png,stimuli/Electronic device & accessory.png,0,Outdoor activity & sport item,1,1,stimuli/objects/tennisball01b.jpg
stimuli/m_orange.jpg,stimuli/Outdoor activity & sport item.png,stimuli/Kitchen & utensil.png,stimuli/Electronic device & accessory.png,stimuli/Hand labour tool & accessory.png,1,Hand labour tool & accessory,1,4,stimuli/objects/adjustablewrench01b.jpg
stimuli/m_black.jpg,stimuli/Electronic device & accessory.png,stimuli/Hand labour tool & accessory.png,stimuli/Kitchen & utensil.png,stimuli/Outdoor activity & sport item.png,1,Outdoor activity & sport item,0,4,stimuli/objects/swing.jpg
stimuli/m_black.jpg,stimuli/Hand labour tool & accessory.png,stimuli/Outdoor activity & sport item.png,stimuli/Electronic device & accessory.png,stimuli/Kitchen & utensil.png,1,Outdoor activity & sport item,0,2,stimuli/objects/skipole.jpg
stimuli/m_black.jpg,stimuli/Hand labour tool & accessory.png,stimuli/Kitchen & utensil.png,stimuli/Outdoor activity & sport item.png,stimuli/Electronic device & accessory.png,1,Outdoor activity & sport item,0,3,stimuli/objects/binoculars01b.jpg
stimuli/m_black.jpg,stimuli/Outdoor activity & sport item.png,stimuli/Hand labour tool & accessory.png,stimuli/Kitchen & utensil.png,stimuli/Electronic device & accessory.png,1,Outdoor activity & sport item,0,1,stimuli/objects/anchor.jpg
stimuli/m_black.jpg,stimuli/Kitchen & utensil.png,stimuli/Electronic device & accessory.png,stimuli/Outdoor activity & sport item.png,stimuli/Hand labour tool & accessory.png,1,Outdoor activity & sport item,0,3,stimuli/objects/bikehelmet.jpg
stimuli/m_orange.jpg,stimuli/Hand labour tool & accessory.png,stimuli/Outdoor activity & sport item.png,stimuli/Kitchen & utensil.png,stimuli/Electronic device & accessory.png,0,Electronic device & accessory,1,4,stimuli/objects/walkman.jpg
stimuli/m_black.jpg,stimuli/Outdoor activity & sport item.png,stimuli/Kitchen & utensil.png,stimuli/Hand labour tool & accessory.png,stimuli/Electronic device & accessory.png,1,Outdoor activity & sport item,0,1,stimuli/objects/boogieboard.jpg
stimuli/m_black.jpg,stimuli/Outdoor activity & sport item.png,stimuli/Electronic device & accessory.png,stimuli/Kitchen & utensil.png,stimuli/Hand labour tool & accessory.png,1,Outdoor activity & sport item,0,1,stimuli/objects/badmintonracket.jpg
stimuli/m_black.jpg,stimuli/Hand labour tool & accessory.png,stimuli/Outdoor activity & sport item.png,stimuli/Electronic device & accessory.png,stimuli/Kitchen & utensil.png,1,Outdoor activity & sport item,0,2,stimuli/objects/volleyball.jpg
stimuli/m_orange.jpg,stimuli/Outdoor activity & sport item.png,stimuli/Electronic device & accessory.png,stimuli/Hand labour tool & accessory.png,stimuli/Kitchen & utensil.png,0,Kitchen & utensil,1,4,stimuli/objects/pot01.jpg
stimuli/m_orange.jpg,stimuli/Electronic device & accessory.png,stimuli/Kitchen & utensil.png,stimuli/Hand labour tool & accessory.png,stimuli/Outdoor activity & sport item.png,1,Hand labour tool & accessory,1,3,stimuli/objects/cclamp.jpg
stimuli/m_black.jpg,stimuli/Electronic device & accessory.png,stimuli/Outdoor activity & sport item.png,stimuli/Kitchen & utensil.png,stimuli/Hand labour tool & accessory.png,1,Outdoor activity & sport item,0,2,stimuli/objects/bicycle.jpg
stimuli/m_black.jpg,stimuli/Hand labour tool & accessory.png,stimuli/Electronic device & accessory.png,stimuli/Kitchen & utensil.png,stimuli/Outdoor activity & sport item.png,1,Outdoor activity & sport item,0,4,stimuli/objects/golfbag.jpg
stimuli/m_orange.jpg,stimuli/Hand labour tool & accessory.png,stimuli/Electronic device & accessory.png,stimuli/Outdoor activity & sport item.png,stimuli/Kitchen & utensil.png,0,Kitchen & utensil,1,4,stimuli/objects/cleaver01.jpg
stimuli/m_orange.jpg,stimuli/Kitchen & utensil.png,stimuli/Hand labour tool & accessory.png,stimuli/Electronic device & accessory.png,stimuli/Outdoor activity & sport item.png,0,Kitchen & utensil,1,1,stimuli/objects/icebucket.jpg
stimuli/m_orange.jpg,stimuli/Kitchen & utensil.png,stimuli/Outdoor activity & sport item.png,stimuli/Electronic device & accessory.png,stimuli/Hand labour tool & accessory.png,1,Hand labour tool & accessory,1,4,stimuli/objects/tablesaw.jpg
stimuli/m_black.jpg,stimuli/Kitchen & utensil.png,stimuli/Hand labour tool & accessory.png,stimuli/Outdoor activity & sport item.png,stimuli/Electronic device & accessory.png,1,Outdoor activity & sport item,0,3,stimuli/objects/frisbee.jpg
stimuli/m_orange.jpg,stimuli/Hand labour tool & accessory.png,stimuli/Electronic device & accessory.png,stimuli/Kitchen & utensil.png,stimuli/Outdoor activity & sport item.png,0,Kitchen & utensil,1,3,stimuli/objects/kitchenscale01a.jpg
stimuli/m_black.jpg,stimuli/Electronic device & accessory.png,stimuli/Outdoor activity & sport item.png,stimuli/Kitchen & utensil.png,stimuli/Hand labour tool & accessory.png,0,Electronic device & accessory,0,1,stimuli/objects/securitycamera.jpg
stimuli/m_orange.jpg,stimuli/Kitchen & utensil.png,stimuli/Outdoor activity & sport item.png,stimuli/Hand labour tool & accessory.png,stimuli/Electronic device & accessory.png,1,Hand labour tool & accessory,1,3,stimuli/objects/measuringtape01.jpg
stimuli/m_orange.jpg,stimuli/Hand labour tool & accessory.png,stimuli/Kitchen & utensil.png,stimuli/Outdoor activity & sport item.png,stimuli/Electronic device & accessory.png,1,Hand labour tool & accessory,1,1,stimuli/objects/mitresaw.jpg
stimuli/m_orange.jpg,stimuli/Outdoor activity & sport item.png,stimuli/Hand labour tool & accessory.png,stimuli/Electronic device & accessory.png,stimuli/Kitchen & utensil.png,0,Outdoor activity & sport item,1,1,stimuli/objects/propanetank01.jpg
stimuli/m_black.jpg,stimuli/Outdoor activity & sport item.png,stimuli/Kitchen & utensil.png,stimuli/Electronic device & accessory.png,stimuli/Hand labour tool & accessory.png,0,Kitchen & utensil,0,2,stimuli/objects/styrofoamcup.jpg
stimuli/m_black.jpg,stimuli/Electronic device & accessory.png,stimuli/Hand labour tool & accessory.png,stimuli/Outdoor activity & sport item.png,stimuli/Kitchen & utensil.png,1,Outdoor activity & sport item,0,3,stimuli/objects/exercisemachine.jpg
stimuli/m_orange.jpg,stimuli/Hand labour tool & accessory.png,stimuli/Electronic device & accessory.png,stimuli/Kitchen & utensil.png,stimuli/Outdoor activity & sport item.png,0,Outdoor activity & sport item,1,4,stimuli/objects/surfboard.jpg
stimuli/m_orange.jpg,stimuli/Electronic device & accessory.png,stimuli/Hand labour tool & accessory.png,stimuli/Outdoor activity & sport item.png,stimuli/Kitchen & utensil.png,1,Hand labour tool & accessory,1,2,stimuli/objects/wirestripper.jpg
stimuli/m_black.jpg,stimuli/Hand labour tool & accessory.png,stimuli/Kitchen & utensil.png,stimuli/Outdoor activity & sport item.png,stimuli/Electronic device & accessory.png,1,Outdoor activity & sport item,0,3,stimuli/objects/gymnasticring.jpg
stimuli/m_black.jpg,stimuli/Hand labour tool & accessory.png,stimuli/Electronic device & accessory.png,stimuli/Outdoor activity & sport item.png,stimuli/Kitchen & utensil.png,1,Outdoor activity & sport item,0,3,stimuli/objects/bowlingball.jpg
stimuli/m_orange.jpg,stimuli/Electronic device & accessory.png,stimuli/Hand labour tool & accessory.png,stimuli/Outdoor activity & sport item.png,stimuli/Kitchen & utensil.png,0,Outdoor activity & sport item,1,3,stimuli/objects/baseball01a.jpg
stimuli/m_black.jpg,stimuli/Hand labour tool & accessory.png,stimuli/Kitchen & utensil.png,stimuli/Electronic device & accessory.png,stimuli/Outdoor activity & sport item.png,0,Electronic device & accessory,0,3,stimuli/objects/spotlight.jpg
stimuli/m_orange.jpg,stimuli/Outdoor activity & sport item.png,stimuli/Electronic device & accessory.png,stimuli/Hand labour tool & accessory.png,stimuli/Kitchen & utensil.png,1,Hand labour tool & accessory,1,3,stimuli/objects/drillbit03a.jpg
stimuli/m_orange.jpg,stimuli/Electronic device & accessory.png,stimuli/Hand labour tool & accessory.png,stimuli/Outdoor activity & sport item.png,stimuli/Kitchen & utensil.png,1,Hand labour tool & accessory,1,2,stimuli/objects/cuttingpliers02.jpg
stimuli/m_orange.jpg,stimuli/Kitchen & utensil.png,stimuli/Electronic device & accessory.png,stimuli/Outdoor activity & sport item.png,stimuli/Hand labour tool & accessory.png,1,Hand labour tool & accessory,1,4,stimuli/objects/metalbrush.jpg
stimuli/m_orange.jpg,stimuli/Kitchen & utensil.png,stimuli/Electronic device & accessory.png,stimuli/Outdoor activity & sport item.png,stimuli/Hand labour tool & accessory.png,1,Hand labour tool & accessory,1,4,stimuli/objects/jackhammer.jpg
stimuli/m_orange.jpg,stimuli/Outdoor activity & sport item.png,stimuli/Kitchen & utensil.png,stimuli/Electronic device & accessory.png,stimuli/Hand labour tool & accessory.png,0,Outdoor activity & sport item,1,1,stimuli/objects/kneepad01c.jpg
stimuli/m_orange.jpg,stimuli/Hand labour tool & accessory.png,stimuli/Kitchen & utensil.png,stimuli/Outdoor activity & sport item.png,stimuli/Electronic device & accessory.png,1,Hand labour tool & accessory,1,1,stimuli/objects/hammer01.jpg
stimuli/m_orange.jpg,stimuli/Kitchen & utensil.png,stimuli/Hand labour tool & accessory.png,stimuli/Electronic device & accessory.png,stimuli/Outdoor activity & sport item.png,0,Electronic device & accessory,1,3,stimuli/objects/coffeemachine.jpg
stimuli/m_orange.jpg,stimuli/Electronic device & accessory.png,stimuli/Outdoor activity & sport item.png,stimuli/Kitchen & utensil.png,stimuli/Hand labour tool & accessory.png,0,Electronic device & accessory,1,1,stimuli/objects/alarmsystem.jpg
stimuli/m_black.jpg,stimuli/Kitchen & utensil.png,stimuli/Outdoor activity & sport item.png,stimuli/Hand labour tool & accessory.png,stimuli/Electronic device & accessory.png,1,Outdoor activity & sport item,0,2,stimuli/objects/podium.jpg
stimuli/m_orange.jpg,stimuli/Kitchen & utensil.png,stimuli/Electronic device & accessory.png,stimuli/Hand labour tool & accessory.png,stimuli/Outdoor activity & sport item.png,1,Hand labour tool & accessory,1,3,stimuli/objects/hedgeshears.jpg
stimuli/m_black.jpg,stimuli/Kitchen & utensil.png,stimuli/Electronic device & accessory.png,stimuli/Outdoor activity & sport item.png,stimuli/Hand labour tool & accessory.png,1,Outdoor activity & sport item,0,3,stimuli/objects/bikewheel.jpg
stimuli/m_orange.jpg,stimuli/Hand labour tool & accessory.png,stimuli/Kitchen & utensil.png,stimuli/Electronic device & accessory.png,stimuli/Outdoor activity & sport item.png,1,Hand labour tool & accessory,1,1,stimuli/objects/stepladder.jpg
stimuli/m_black.jpg,stimuli/Kitchen & utensil.png,stimuli/Electronic device & accessory.png,stimuli/Hand labour tool & accessory.png,stimuli/Outdoor activity & sport item.png,1,Outdoor activity & sport item,0,4,stimuli/objects/toyhockeystick01.jpg
stimuli/m_black.jpg,stimuli/Hand labour tool & accessory.png,stimuli/Kitchen & utensil.png,stimuli/Outdoor activity & sport item.png,stimuli/Electronic device & accessory.png,1,Outdoor activity & sport item,0,3,stimuli/objects/snowboard.jpg
stimuli/m_orange.jpg,stimuli/Hand labour tool & accessory.png,stimuli/Outdoor activity & sport item.png,stimuli/Kitchen & utensil.png,stimuli/Electronic device & accessory.png,1,Hand labour tool & accessory,1,1,stimuli/objects/caulking.jpg
stimuli/m_black.jpg,stimuli/Kitchen & utensil.png,stimuli/Outdoor activity & sport item.png,stimuli/Electronic device & accessory.png,stimuli/Hand labour tool & accessory.png,1,Outdoor activity & sport item,0,2,stimuli/objects/exercisebike.jpg
stimuli/m_orange.jpg,stimuli/Hand labour tool & accessory.png,stimuli/Electronic device & accessory.png,stimuli/Kitchen & utensil.png,stimuli/Outdoor activity & sport item.png,1,Hand labour tool & accessory,1,1,stimuli/objects/pliers02b.jpg
stimuli/m_black.jpg,stimuli/Electronic device & accessory.png,stimuli/Hand labour tool & accessory.png,stimuli/Outdoor activity & sport item.png,stimuli/Kitchen & utensil.png,0,Kitchen & utensil,0,4,stimuli/objects/bowl02a.jpg
